time,data
0,2.352254642
769,4.396074415
1140,8.434146341
1488,22.25079365
1876,38.9
2233,59.04803013
2602,67.84648814
2889,69.51641791
3213,74.09765494
3621,82.29230769
4028,80.88291457
